{
    "now": "2025-11-15T11:17:01.794Z",
    "perfNow": 939913.5,
    "diagnosticCorrelation": "2f1671ef-52ff-4c8b-abc7-3231c64d4bdc",
    "source": "DownloadSupportFiles",
    "environment": {
        "productName": "adf",
        "buildVersion": "1.0.102825.7",
        "environmentType": 3,
        "resourceName": "MS-SQL1",
        "resourceRegion": "eastus",
        "resourceGroup": "rg_onpremise",
        "subscriptionId": "151df721-7d35-4071-b059-52a68245c883",
        "sessionId": "Ksfo6LIWDyKd2w9QJoZHQS",
        "operationId": "",
        "gitType": "live",
        "loggingKey": "e3ebc1a2-03eb-43bf-9da0-c293321184ef"
    },
    "additionalInfo": {
        "selectedResource": "pipeline9 blob logs sp",
        "selectedResourceType": "pipeline"
    }
}