{
    "name": "sp1",
    "properties": {
        "activities": [
            {
                "name": "Stored procedure1",
                "type": "SqlServerStoredProcedure",
                "dependsOn": [],
                "policy": {
                    "timeout": "0.12:00:00",
                    "retry": 0,
                    "retryIntervalInSeconds": 30,
                    "secureOutput": false,
                    "secureInput": false
                },
                "userProperties": [],
                "typeProperties": {
                    "storedProcedureName": "[dbo].[sp_insert_table1]",
                    "storedProcedureParameters": {
                        "first_name": {
                            "value": "Navya",
                            "type": "String"
                        },
                        "id": {
                            "value": "11",
                            "type": "Int32"
                        },
                        "Last_name": {
                            "value": "shree",
                            "type": "String"
                        },
                        "Location": {
                            "value": "kampli",
                            "type": "String"
                        }
                    }
                },
                "linkedServiceName": {
                    "referenceName": "lsonrpremcsql",
                    "type": "LinkedServiceReference"
                }
            },
            {
                "name": "Copy",
                "type": "Copy",
                "dependsOn": [
                    {
                        "activity": "Stored procedure1",
                        "dependencyConditions": [
                            "Succeeded"
                        ]
                    }
                ],
                "policy": {
                    "timeout": "0.12:00:00",
                    "retry": 0,
                    "retryIntervalInSeconds": 30,
                    "secureOutput": false,
                    "secureInput": false
                },
                "userProperties": [],
                "typeProperties": {
                    "source": {
                        "type": "SqlServerSource",
                        "sqlReaderQuery": "select * from sp_table1;",
                        "queryTimeout": "02:00:00",
                        "partitionOption": "None"
                    },
                    "sink": {
                        "type": "DelimitedTextSink",
                        "storeSettings": {
                            "type": "AzureBlobFSWriteSettings",
                            "copyBehavior": "FlattenHierarchy"
                        },
                        "formatSettings": {
                            "type": "DelimitedTextWriteSettings",
                            "quoteAllText": true,
                            "fileExtension": ".txt"
                        }
                    },
                    "enableStaging": false,
                    "translator": {
                        "type": "TabularTranslator",
                        "typeConversion": true,
                        "typeConversionSettings": {
                            "allowDataTruncation": true,
                            "treatBooleanAsNumber": false
                        }
                    }
                },
                "inputs": [
                    {
                        "referenceName": "SqlServerTable1",
                        "type": "DatasetReference"
                    }
                ],
                "outputs": [
                    {
                        "referenceName": "sql2csv",
                        "type": "DatasetReference"
                    }
                ]
            }
        ],
        "annotations": [],
        "lastPublishTime": "2025-11-08T16:50:37Z"
    },
    "type": "Microsoft.DataFactory/factories/pipelines"
}