{
    "name": "sql2csv",
    "properties": {
        "linkedServiceName": {
            "referenceName": "lssql2csv",
            "type": "LinkedServiceReference"
        },
        "annotations": [],
        "type": "DelimitedText",
        "typeProperties": {
            "location": {
                "type": "AzureBlobFSLocation",
                "fileName": "industry_sic1.csv",
                "fileSystem": "newstore3"
            },
            "columnDelimiter": ",",
            "escapeChar": "\\",
            "firstRowAsHeader": true,
            "quoteChar": "\""
        },
        "schema": [
            {
                "name": "SIC_Code",
                "type": "String"
            },
            {
                "name": "Description",
                "type": "String"
            }
        ]
    },
    "type": "Microsoft.DataFactory/factories/datasets"
}