{
    "name": "SqlServerTable1",
    "properties": {
        "linkedServiceName": {
            "referenceName": "lsonrpremcsql",
            "type": "LinkedServiceReference"
        },
        "annotations": [],
        "type": "SqlServerTable",
        "schema": [
            {
                "name": "id",
                "type": "int",
                "precision": 10
            },
            {
                "name": "first_name",
                "type": "varchar"
            },
            {
                "name": "Last_name",
                "type": "varchar"
            },
            {
                "name": "Location",
                "type": "varchar"
            }
        ],
        "typeProperties": {
            "schema": "dbo",
            "table": "sp_table1"
        }
    },
    "type": "Microsoft.DataFactory/factories/datasets"
}