{
    "name": "onprem1csv1",
    "properties": {
        "linkedServiceName": {
            "referenceName": "lsonprem2",
            "type": "LinkedServiceReference"
        },
        "annotations": [],
        "type": "DelimitedText",
        "typeProperties": {
            "location": {
                "type": "AzureBlobFSLocation",
                "fileName": "industry_sic1.csv",
                "fileSystem": "newstore3"
            },
            "columnDelimiter": ",",
            "escapeChar": "\\",
            "firstRowAsHeader": false,
            "quoteChar": "\""
        },
        "schema": [
            {
                "type": "String"
            },
            {
                "type": "String"
            }
        ]
    },
    "type": "Microsoft.DataFactory/factories/datasets"
}