{
    "now": "2025-11-15T11:17:14.106Z",
    "perfNow": 952226.4000000358,
    "diagnosticCorrelation": "cd30ec90-294e-40c0-96c8-563d54bacfd1",
    "source": "DownloadSupportFiles",
    "environment": {
        "productName": "adf",
        "buildVersion": "1.0.102825.7",
        "environmentType": 3,
        "resourceName": "MS-SQL1",
        "resourceRegion": "eastus",
        "resourceGroup": "rg_onpremise",
        "subscriptionId": "151df721-7d35-4071-b059-52a68245c883",
        "sessionId": "Ksfo6LIWDyKd2w9QJoZHQS",
        "operationId": "",
        "gitType": "live",
        "loggingKey": "e3ebc1a2-03eb-43bf-9da0-c293321184ef"
    },
    "additionalInfo": {
        "selectedResource": "pl6_foreach_meta",
        "selectedResourceType": "pipeline"
    }
}