{
    "now": "2025-11-15T11:17:05.858Z",
    "perfNow": 943978.4000000358,
    "diagnosticCorrelation": "d621b272-e340-4f00-b22e-69e4bcab3a3c",
    "source": "DownloadSupportFiles",
    "environment": {
        "productName": "adf",
        "buildVersion": "1.0.102825.7",
        "environmentType": 3,
        "resourceName": "MS-SQL1",
        "resourceRegion": "eastus",
        "resourceGroup": "rg_onpremise",
        "subscriptionId": "151df721-7d35-4071-b059-52a68245c883",
        "sessionId": "Ksfo6LIWDyKd2w9QJoZHQS",
        "operationId": "",
        "gitType": "live",
        "loggingKey": "e3ebc1a2-03eb-43bf-9da0-c293321184ef"
    },
    "additionalInfo": {
        "selectedResource": "pipeline10",
        "selectedResourceType": "pipeline"
    }
}