{
    "name": "pipeline5 Activities",
    "properties": {
        "description": "metadata\n",
        "activities": [
            {
                "name": "Get Metadata1",
                "description": "get meta data1",
                "type": "GetMetadata",
                "dependsOn": [],
                "policy": {
                    "timeout": "0.12:00:00",
                    "retry": 0,
                    "retryIntervalInSeconds": 30,
                    "secureOutput": false,
                    "secureInput": false
                },
                "userProperties": [],
                "typeProperties": {
                    "dataset": {
                        "referenceName": "meta1",
                        "type": "DatasetReference"
                    },
                    "fieldList": [
                        "itemName"
                    ],
                    "storeSettings": {
                        "type": "AzureBlobFSReadSettings",
                        "recursive": true,
                        "enablePartitionDiscovery": false
                    },
                    "formatSettings": {
                        "type": "DelimitedTextReadSettings"
                    }
                }
            },
            {
                "name": "Copy meta data",
                "description": "copy meta data",
                "type": "Copy",
                "dependsOn": [
                    {
                        "activity": "Get Metadata1",
                        "dependencyConditions": [
                            "Succeeded"
                        ]
                    }
                ],
                "policy": {
                    "timeout": "0.12:00:00",
                    "retry": 0,
                    "retryIntervalInSeconds": 30,
                    "secureOutput": false,
                    "secureInput": false
                },
                "userProperties": [],
                "typeProperties": {
                    "source": {
                        "type": "DelimitedTextSource",
                        "storeSettings": {
                            "type": "AzureBlobFSReadSettings",
                            "recursive": true,
                            "enablePartitionDiscovery": false
                        },
                        "formatSettings": {
                            "type": "DelimitedTextReadSettings"
                        }
                    },
                    "sink": {
                        "type": "JsonSink",
                        "storeSettings": {
                            "type": "AzureBlobFSWriteSettings"
                        },
                        "formatSettings": {
                            "type": "JsonWriteSettings"
                        }
                    },
                    "enableStaging": false
                },
                "inputs": [
                    {
                        "referenceName": "meta1",
                        "type": "DatasetReference"
                    }
                ],
                "outputs": [
                    {
                        "referenceName": "onprelson1",
                        "type": "DatasetReference"
                    }
                ]
            }
        ],
        "annotations": [],
        "lastPublishTime": "2025-11-07T00:29:25Z"
    },
    "type": "Microsoft.DataFactory/factories/pipelines"
}