{
    "now": "2025-11-15T11:17:18.222Z",
    "perfNow": 956342.1000000238,
    "diagnosticCorrelation": "9ba05e1e-dd5f-4b52-a8dc-6796e0c5e79c",
    "source": "DownloadSupportFiles",
    "environment": {
        "productName": "adf",
        "buildVersion": "1.0.102825.7",
        "environmentType": 3,
        "resourceName": "MS-SQL1",
        "resourceRegion": "eastus",
        "resourceGroup": "rg_onpremise",
        "subscriptionId": "151df721-7d35-4071-b059-52a68245c883",
        "sessionId": "Ksfo6LIWDyKd2w9QJoZHQS",
        "operationId": "",
        "gitType": "live",
        "loggingKey": "e3ebc1a2-03eb-43bf-9da0-c293321184ef"
    },
    "additionalInfo": {
        "selectedResource": "sp1",
        "selectedResourceType": "pipeline"
    }
}