{
    "name": "triggernew",
    "properties": {
        "annotations": [],
        "runtimeState": "Started",
        "pipelines": [
            {
                "pipelineReference": {
                    "referenceName": "pipelineTR11",
                    "type": "PipelineReference"
                }
            }
        ],
        "type": "BlobEventsTrigger",
        "typeProperties": {
            "blobPathBeginsWith": "/eventtrigger1/blobs/data",
            "blobPathEndsWith": ".csv",
            "ignoreEmptyBlobs": true,
            "scope": "/subscriptions/151df721-7d35-4071-b059-52a68245c883/resourceGroups/rg_onpremise/providers/Microsoft.Storage/storageAccounts/triggerinput1",
            "events": [
                "Microsoft.Storage.BlobCreated"
            ]
        }
    }
}