{
    "name": "pipeline8emptyset",
    "properties": {
        "activities": [
            {
                "name": "Get Metadatempty",
                "type": "GetMetadata",
                "dependsOn": [],
                "policy": {
                    "timeout": "0.12:00:00",
                    "retry": 0,
                    "retryIntervalInSeconds": 30,
                    "secureOutput": false,
                    "secureInput": false
                },
                "userProperties": [],
                "typeProperties": {
                    "dataset": {
                        "referenceName": "DS_movie_csv",
                        "type": "DatasetReference"
                    },
                    "fieldList": [
                        "columnCount"
                    ],
                    "storeSettings": {
                        "type": "AzureBlobFSReadSettings",
                        "recursive": true,
                        "enablePartitionDiscovery": false
                    },
                    "formatSettings": {
                        "type": "DelimitedTextReadSettings"
                    }
                }
            },
            {
                "name": "If Condition1",
                "type": "IfCondition",
                "dependsOn": [
                    {
                        "activity": "Get Metadatempty",
                        "dependencyConditions": [
                            "Succeeded"
                        ]
                    }
                ],
                "userProperties": [],
                "typeProperties": {
                    "expression": {
                        "value": "@greater(activity('Get Metadatempty').output.columnCount,0)",
                        "type": "Expression"
                    },
                    "ifFalseActivities": [
                        {
                            "name": "empty2",
                            "type": "SetVariable",
                            "dependsOn": [],
                            "policy": {
                                "secureOutput": false,
                                "secureInput": false
                            },
                            "userProperties": [],
                            "typeProperties": {
                                "variableName": "false2",
                                "value": {
                                    "value": "string(empty)",
                                    "type": "Expression"
                                }
                            }
                        }
                    ],
                    "ifTrueActivities": [
                        {
                            "name": "empty1",
                            "type": "SetVariable",
                            "dependsOn": [],
                            "policy": {
                                "secureOutput": false,
                                "secureInput": false
                            },
                            "userProperties": [],
                            "typeProperties": {
                                "variableName": "true1",
                                "value": {
                                    "value": "string(activity('Get Metadatempty').output.columnCount)",
                                    "type": "Expression"
                                }
                            }
                        }
                    ]
                }
            }
        ],
        "variables": {
            "true1": {
                "type": "String"
            },
            "false2": {
                "type": "String"
            }
        },
        "annotations": [],
        "lastPublishTime": "2025-11-08T08:11:21Z"
    },
    "type": "Microsoft.DataFactory/factories/pipelines"
}