{
    "name": "pipeline10",
    "properties": {
        "description": "delete files using for each\n",
        "activities": [
            {
                "name": "last modified delete",
                "type": "GetMetadata",
                "dependsOn": [],
                "policy": {
                    "timeout": "0.12:00:00",
                    "retry": 0,
                    "retryIntervalInSeconds": 30,
                    "secureOutput": false,
                    "secureInput": false
                },
                "userProperties": [],
                "typeProperties": {
                    "dataset": {
                        "referenceName": "csv_modified_delete",
                        "type": "DatasetReference"
                    },
                    "fieldList": [
                        "childItems"
                    ],
                    "storeSettings": {
                        "type": "AzureBlobFSReadSettings",
                        "recursive": true,
                        "modifiedDatetimeEnd": {
                            "value": "@adddays(utcnow(),-31)",
                            "type": "Expression"
                        },
                        "enablePartitionDiscovery": false
                    },
                    "formatSettings": {
                        "type": "DelimitedTextReadSettings"
                    }
                }
            },
            {
                "name": "ForEach_deletecsv",
                "type": "ForEach",
                "dependsOn": [
                    {
                        "activity": "last modified delete",
                        "dependencyConditions": [
                            "Succeeded"
                        ]
                    }
                ],
                "userProperties": [],
                "typeProperties": {
                    "items": {
                        "value": "@activity('last modified delete').output.childItems",
                        "type": "Expression"
                    },
                    "isSequential": false,
                    "activities": [
                        {
                            "name": "Delete_csv",
                            "type": "Delete",
                            "dependsOn": [],
                            "policy": {
                                "timeout": "0.12:00:00",
                                "retry": 0,
                                "retryIntervalInSeconds": 30,
                                "secureOutput": false,
                                "secureInput": false
                            },
                            "userProperties": [],
                            "typeProperties": {
                                "dataset": {
                                    "referenceName": "deletee",
                                    "type": "DatasetReference"
                                },
                                "logStorageSettings": {
                                    "linkedServiceName": {
                                        "referenceName": "lscsvdelete",
                                        "type": "LinkedServiceReference"
                                    }
                                },
                                "enableLogging": true,
                                "storeSettings": {
                                    "type": "AzureBlobFSReadSettings",
                                    "recursive": {
                                        "value": "@item().name",
                                        "type": "Expression"
                                    },
                                    "modifiedDatetimeEnd": "2025-11-09T00:00:00Z",
                                    "enablePartitionDiscovery": false
                                }
                            }
                        }
                    ]
                }
            }
        ],
        "annotations": [],
        "lastPublishTime": "2025-11-09T10:59:26Z"
    },
    "type": "Microsoft.DataFactory/factories/pipelines"
}