{
    "name": "pipeline2par",
    "properties": {
        "activities": [
            {
                "name": "Copysql2par",
                "type": "Copy",
                "dependsOn": [],
                "policy": {
                    "timeout": "0.12:00:00",
                    "retry": 0,
                    "retryIntervalInSeconds": 30,
                    "secureOutput": false,
                    "secureInput": false
                },
                "userProperties": [],
                "typeProperties": {
                    "source": {
                        "type": "SqlServerSource",
                        "sqlReaderQuery": "select * from employees;",
                        "queryTimeout": "02:00:00",
                        "partitionOption": "None"
                    },
                    "sink": {
                        "type": "ParquetSink",
                        "storeSettings": {
                            "type": "AzureBlobFSWriteSettings"
                        },
                        "formatSettings": {
                            "type": "ParquetWriteSettings"
                        }
                    },
                    "enableStaging": false,
                    "translator": {
                        "type": "TabularTranslator",
                        "mappings": [
                            {
                                "source": {
                                    "name": "FirstName",
                                    "type": "String",
                                    "physicalType": "varchar"
                                },
                                "sink": {
                                    "name": "FirstName",
                                    "type": "String",
                                    "physicalType": "UTF8"
                                }
                            },
                            {
                                "source": {
                                    "name": "EmployeeID",
                                    "type": "Int32",
                                    "physicalType": "int"
                                },
                                "sink": {
                                    "name": "EmployeeID",
                                    "type": "Int32",
                                    "physicalType": "INT_32"
                                }
                            },
                            {
                                "source": {
                                    "name": "LastName",
                                    "type": "String",
                                    "physicalType": "varchar"
                                },
                                "sink": {
                                    "name": "LastName",
                                    "type": "String",
                                    "physicalType": "UTF8"
                                }
                            },
                            {
                                "source": {
                                    "name": "Email",
                                    "type": "String",
                                    "physicalType": "varchar"
                                },
                                "sink": {
                                    "name": "Email",
                                    "type": "String",
                                    "physicalType": "UTF8"
                                }
                            },
                            {
                                "source": {
                                    "name": "HireDate",
                                    "type": "Date",
                                    "physicalType": "date"
                                },
                                "sink": {
                                    "name": "HireDate",
                                    "type": "Date"
                                }
                            },
                            {
                                "source": {
                                    "name": "Salary",
                                    "type": "Decimal",
                                    "physicalType": "decimal",
                                    "scale": 2,
                                    "precision": 10
                                },
                                "sink": {
                                    "name": "Salary",
                                    "type": "Decimal",
                                    "physicalType": "DECIMAL"
                                }
                            }
                        ],
                        "typeConversion": true,
                        "typeConversionSettings": {
                            "allowDataTruncation": true,
                            "treatBooleanAsNumber": false
                        }
                    }
                },
                "inputs": [
                    {
                        "referenceName": "onpremmssql",
                        "type": "DatasetReference"
                    }
                ],
                "outputs": [
                    {
                        "referenceName": "sql2par",
                        "type": "DatasetReference"
                    }
                ]
            }
        ],
        "annotations": [],
        "lastPublishTime": "2025-11-08T05:13:06Z"
    },
    "type": "Microsoft.DataFactory/factories/pipelines"
}