{
    "now": "2025-11-15T11:16:52.825Z",
    "perfNow": 930944.5,
    "diagnosticCorrelation": "470708bf-da9d-4b33-9220-9ea9f680c33d",
    "source": "DownloadSupportFiles",
    "environment": {
        "productName": "adf",
        "buildVersion": "1.0.102825.7",
        "environmentType": 3,
        "resourceName": "MS-SQL1",
        "resourceRegion": "eastus",
        "resourceGroup": "rg_onpremise",
        "subscriptionId": "151df721-7d35-4071-b059-52a68245c883",
        "sessionId": "Ksfo6LIWDyKd2w9QJoZHQS",
        "operationId": "",
        "gitType": "live",
        "loggingKey": "e3ebc1a2-03eb-43bf-9da0-c293321184ef"
    },
    "additionalInfo": {
        "selectedResource": "pipeline5 Activities",
        "selectedResourceType": "pipeline"
    }
}